{
    "name": "pf2e-animal-companions",
    "title": "PF2e Animal Companion Compendia",
    "description": "Compendia containing a class, ancestries, actions, and feats to support PF2e animal companions",
    "version": "2.21.22",
    "author": "Tikael",
    "packs": [
    {
      "label": "AC Ancestries and Class",
      "entity": "Item",
      "name": "AC-Ancestries-and-Class",
      "path": "./packs/ac-ancestries-and-class.db",
      "system": "pf2e",
      "package": "pf2e-animal-companions"
    },
    {
      "label": "AC Feats",
      "entity": "Item",
      "name": "AC-Feats",
      "path": "./packs/ac-feats.db",
      "system": "pf2e",
      "package": "pf2e-animal-companions"
    },
	{
      "label": "AC Advanced Maneuvers",
      "entity": "Item",
      "name": "AC-Advanced-Maneuvers",
      "path": "./packs/ac-advanced-maneuvers.db",
      "system": "pf2e",
      "package": "pf2e-animal-companions"
    },
    {
      "label": "AC Features",
      "entity": "Item",
      "name": "AC-Features",
      "path": "./packs/ac-features.db",
      "system": "pf2e",
      "package": "pf2e-animal-companions"
    }
  ],
    "systems": ["pf2e"],
	"minimumCoreVersion": "0.8.8",
	"compatibleCoreVersion": "0.8.8",
    "url": "https://github.com/TikaelSol/PF2e-Animal-Companions",
    "manifest": "https://raw.githubusercontent.com/TikaelSol/PF2e-Animal-Companions/master/module.json",
    "download": "https://raw.githubusercontent.com/TikaelSol/PF2e-Animal-Companions/master/module.zip"
}
